@format=column,CD_Sacrifice_Order_[Rank],HFD_Sacrifice_Order_[Rank],CD_Sacrifice_Order_[Weeks],HFD_Sacrifice_Order_[Weeks],CD_BodyWeight_Wk8_[g],HFD_BodyWeight_Wk8_[g],CD_BodyWeight_Wk16_[g],HFD_BodyWeight_Wk16_[g],CD_BodyWeight_Wk28_[g],HFD_BodyWeight_Wk28_[g],CD_BodyWeight_Sacrifice_[g],HFD_BodyWeight_Sacrifice_[g],CD_BodyWeight_NIBP_[g],HFD_BodyWeight_NIBP_[g],CD_BodyWeight_preCLAMS_[g],HFD_BodyWeight_preCLAMS_[g],CD_FatMass_preCLAMS_[g],HFD_FatMass_preCLAMS_[g],CD_FatMass_preCLAMS_[%],HFD_FatMass_preCLAMS_[%],CD_LeanMass_preCLAMS_[g],HFD_LeanMass_preCLAMS_[g],CD_LeanMass_preCLAMS_[%],HFD_LeanMass_preCLAMS_[%],CD_BodyWeight_preWheel_[g],HFD_BodyWeight_preWheel_[g],CD_FatMass_preWheel_[g],HFD_FatMass_preWheel_[g],CD_FatMass_preWheel_[%],HFD_FatMass_preWheel_[%],CD_LeanMass_preWheel_[g],HFD_LeanMass_preWheel_[g],CD_LeanMass_preWheel_[%],HFD_LeanMass_preWheel_[%],CD_BodyWeight_postWheel_[g],HFD_BodyWeight_postWheel_[g],CD_FatMass_postWheel_[g],HFD_FatMass_postWheel_[g],CD_FatMass_postWheel_[%],HFD_FatMass_postWheel_[%],CD_LeanMass_postWheel_[g],HFD_LeanMass_postWheel_[g],CD_LeanMass_postWheel_[%],HFD_LeanMass_postWheel_[%],CD_BWGain_8-16Weeks_[g],HFD_BWGain_8-16Weeks_[g],CD_BWGain_8-16Weeks_[%],HFD_BWGain_8-16Weeks_[%],CD_BWGain_8-28Weeks_[g],HFD_BWGain_8-28Weeks_[g],CD_BWGain_8-28Weeks_[%],HFD_BWGain_8-28Weeks_[%],CD_BWLoss_AfterExercise_[%],HFD_BWLoss_AfterExercise_[%],CD_FatMassLoss_AfterExercise_[%],HFD_FatMassLoss_AfterExercise_[%],CD_BodyWeightLoss_PreSacrifice_[g],CD_DiastolicBP_NIBP_[mmHg],HFD_DiastolicBP_NIBP_[mmHg],CD_SystolicBP_NIBP_[mmHg],HFD_SystolicBP_NIBP_[mmHg],CD_HeartRate_NIBP_[bpm],HFD_HeartRate_NIBP_[bpm],CD_DayRER_CLAMS_[ratio],HFD_DayRER_CLAMS_[ratio],CD_NightRER_CLAMS_[ratio],HFD_NightRER_CLAMS_[ratio],CD_24hRER_CLAMS_[ratio],HFD_24hRER_CLAMS_[ratio],CD_DayVO2_CLAMS_[mL/kg/hr],HFD_DayVO2_CLAMS_[mL/kg/hr],CD_NightVO2_CLAMS_[mL/kg/hr],HFD_NightVO2_CLAMS_[mL/kg/hr],CD_24hVO2_CLAMS_[mL/kg/hr],HFD_24hVO2_CLAMS_[mL/kg/hr],CD_DayVCO2_CLAMS_[mL/kg/hr],HFD_DayVCO2_CLAMS_[mL/kg/hr],CD_NightVCO2_CLAMS_[mL/kg/hr],HFD_NightVCO2_CLAMS_[mL/kg/hr],CD_24hVCO2_CLAMS_[mL/kg/hr],HFD_24hVCO2_CLAMS_[mL/kg/hr],CD_NightXTot_CLAMS_[#/12hr],HFD_NightXTot_CLAMS_[#/12hr],CD_NightZTot_CLAMS_[#/12hr],HFD_NightZTot_CLAMS_[#/12hr],CD_FoodInTotal_CLAMS_[g],HFD_FoodInTotal_CLAMS_[g],CD_FoodInTotal_CLAMS_[kCal],HFD_FoodInTotal_CLAMS_[kCal],CD_WaterInTotal_CLAMS_[mL],HFD_WaterInTotal_CLAMS_[mL],CD_Glucose0min_OGTT_[mg/dL],HFD_Glucose0min_OGTT_[mg/dL],CD_Glucose15min_OGTT_[mg/dL],HFD_Glucose15min_OGTT_[mg/dL],CD_Glucose30min_OGTT_[mg/dL],HFD_Glucose30min_OGTT_[mg/dL],CD_Glucose45min_OGTT_[mg/dL],HFD_Glucose45min_OGTT_[mg/dL],CD_Glucose60min_OGTT_[mg/dL],HFD_Glucose60min_OGTT_[mg/dL],CD_Glucose90min_OGTT_[mg/dL],HFD_Glucose90min_OGTT_[mg/dL],CD_Glucose120min_OGTT_[mg/dL],HFD_Glucose120min_OGTT_[mg/dL],CD_Glucose150min_OGTT_[mg/dL],HFD_Glucose150min_OGTT_[mg/dL],CD_Glucose180min_OGTT_[mg/dL],HFD_Glucose180min_OGTT_[mg/dL],CD_GlucoseAUC_OGTT_[AUC],HFD_GlucoseAUC_OGTT_[AUC],CD_InsulinAUC_OGTT_[AUC],HFD_InsulinAUC_OGTT_[AUC],CD_Insulin0min_OGTT_[ng/mL],HFD_Insulin0min_OGTT_[ng/mL],CD_Insulin15min_OGTT_[ng/mL],HFD_Insulin15min_OGTT_[ng/mL],CD_Insulin30min_OGTT_[ng/mL],HFD_Insulin30min_OGTT_[ng/mL],CD_Fasted_Glucose_Insulin_[ratio],HFD_Fasted_Glucose_Insulin_[ratio],CD_Glucose_Insulin_15m_OGTT[ratio],HFD_Glucose_Insulin_15m_OGTT[ratio],CD_Glucose_Insulin_30m_OGTT[ratio],HFD_Glucose_Insulin_30m_OGTT[ratio],CD_Glucose*Insulin_Fasted,HFD_Glucose*Insulin_Fasted
C57BL/6J,8,8.0,13,13.0,21.548,21.718,28.084,31.196,30.0,43.9,31.302,47.228,30.0,37.7,29.5925,34.4525,3.21375,9.0395,10.87,26.025,25.20825,24.337,85.1725,70.855,31.55,46.7,3.79,18.275,13.642355551986203,39.08638173534234,26.555,27.074,84.13447836809988,58.031218646395295,30.357,35.866,2.0,15.3,6.633049869274163,35.400152518606106,27.24,26.63,89.64064512677997,62.18935741953666,6.536,9.478,30.53152,43.64721,8.42,22.182,39.44808659492416,102.10355659119683,2.855957299707689,5.971373158002545,52.11371697895039,16.58826003743487,0.0,93.5,77.125,117.0,111.5,716.125,697.25,0.88285,0.76725,0.93275,0.7833,0.9128,0.776875,2675.0,2936.0,3205.0,3441.0,3000.0,3246.0,2376.0,2256.0,2972.0,2701.0,2741.0,2529.0,35444.0,26784.0,13018.0,9457.0,3.527,1.862,10.9337,9.4962,1.82,1.535,103.5,163.0,294.5,349.5,260.5,302.0,225.5,302.5,205.5,295.625,155.5,266.5,142.0,229.75,122.75,227.5,112.0,196.5,31387,46844.0,40.93,127.2,0.387,3.3,1.999,4.98,1.072,3.694,4835994.724647407,514753.4607387922,1627327.571097781,713713.0716819462,1967880.229889131,839003.5565632321,38.994,532.93575
DBA/2J,8,8.0,13,13.0,22.414,22.214,30.146,39.914,32.3,40.6,33.5725,48.328,32.0,43.8,31.4775,42.4075,8.22625,16.45975,26.0375,38.8475,22.062,24.7945,70.17,58.44,33.36,44.99,7.97,16.7448,23.528628201285034,36.89843400451586,23.963,26.8646,72.2014765878334,59.99916207884296,30.18,41.94,4.28,7.7,13.819557134360693,20.969250731780008,24.83,26.94,82.05922926880936,75.59634373653189,7.732,17.7,34.62089,80.09785,10.3325,18.344,46.702571105894265,83.3012164855331,5.944124860630185,19.704068099885728,40.42770003346909,51.72770030099976,1.3275000000000006,87.5,80.25,115.0,108.0,702.25,688.25,0.81775,0.776925,0.88225,0.78555,0.85645,0.7821,3227.0,2565.0,3616.0,3023.0,3466.0,2845.0,2629.0,1988.0,3185.0,2376.0,2969.0,2226.0,25325.0,22411.0,2792.0,4354.0,3.108,2.183,9.6348,11.133299999999998,2.295,1.533,86.5,132.7,186.0,256.0,179.0,251.3,166.5,223.67,143.5,205.0,105.5,197.0,99.75,197.33,95.0,195.33,96.0,180.33,22298,36968.0,68.335,192.675,2.72175,3.7855,1.85225,7.42825,2.68625,7.0495,1019795.5188049643,444641.8570707033,1884847.0372509859,410463.4567928121,1078663.14423329,424906.661375291,241.90125,397.262
BXD1,42,43.0,189,202.0,23.770000000000003,24.378,27.9,35.998,30.62,37.238,28.326,38.89,27.34,36.52,27.875999999999998,36.462,3.182,11.59,11.364,31.42,23.566,23.83,84.584,65.72,29.422000000000004,39.694,3.5662,13.6786,11.804116729631913,34.03573606302757,24.764000000000003,24.868199999999998,84.47025818717002,63.07628468663985,29.886000000000003,34.239999999999995,2.9866,7.598400000000001,9.84873797664929,22.03776012540945,25.99,25.5308,87.09931058960872,74.72289067782671,4.127999999999999,11.62,17.27865348777228,47.696398619400476,6.847999999999999,12.860000000000003,28.688774689952453,52.957994824406626,-1.7713971706554923,13.392706301850783,11.19755136175176,44.507125903538274,3.0,89.2,78.2,115.4,104.6,653.75,652.2,0.8186,0.75218,0.8384,0.7581399999999999,0.834,0.7548,2509.5199999999995,2432.0,2782.4667999999997,2743.6,2722.753,2584.0,2253.677,1829.0,2290.767,2079.0,2273.053,1951.0,0.0,20006.6,0.0,4980.4,0.0,0.0,0.0,0.0,0.568,0.472,72.8,93.2,241.8,306.0,245.8,447.8,226.6,398.2,196.4,359.4,133.0,262.6,114.0,180.0,107.4,133.6,99.6,96.4,27771,44798.0,16.66,33.72,0.164,0.354,0.724,1.56,0.6100000000000001,1.024,4442941.176470588,2774609.195402299,3456679.607103684,2105853.2730556587,4116728.7239384567,4828616.770226677,11.974,33.288
BXD2,54,54.0,300,300.0,29.654999999999998,27.606,35.1875,42.041999999999994,36.255,46.246,35.3825,45.61,36.3875,43.922000000000004,35.962500000000006,42.194,9.12825,15.081399999999999,25.117,35.37,26.0275,26.804000000000002,72.6,63.88,36.417500000000004,45.688,9.626750000000001,17.964000000000002,26.297422228153646,39.020988258691,25.58,27.0128,70.34128459693815,59.37251083102834,36.087500000000006,42.90599999999999,8.614,15.335000000000003,23.719750147887737,34.87943661965819,26.47975,27.330000000000002,73.50063282154912,64.51162556722804,5.532500000000001,14.436000000000002,18.767491379681346,51.93987180955859,6.600000000000001,18.640000000000004,22.86422442409872,66.6909873254452,0.8790752028734229,6.518781380891099,11.177424686065134,16.43639860983701,1.4324999999999992,77.0,76.2,109.75,107.8,626.0,653.0,0.77775,0.7620000000000001,0.8202499999999999,0.7726,0.802,0.768,2614.4809999999998,2526.7748,2966.33325,2823.7889999999998,2818.782,2694.676,2044.942,1933.162,2445.417,2190.311,2277.476,2078.588,24055.0,20920.6,7259.0,7506.0,1.6362499999999933,1.6070000000000022,5.07237499999998,8.195700000000011,1.985,1.42,115.0,146.6,235.75,268.6,220.25,228.4,215.75,240.8,207.75,250.0,167.5,187.6,140.0,166.6,122.0,150.0,120.25,153.2,30302,35215.8,33.68,107.76799999999999,0.35526075,1.6462998,1.5937212500000002,5.017704,0.9478982500000002,2.6858820000000003,2397361.4737172048,1023519.2382009157,2177327.5889748414,654170.2876326046,2532097.5911454675,1018046.7079542561,40.20490475,252.10431640000002
BXD6,48,51.0,287,292.0,25.252000000000002,24.782000000000004,31.8,41.492000000000004,35.714,48.682,34.504,47.476,32.126,42.922,31.8,40.980000000000004,5.0824,0.0,15.67,0.0,26.7948,0.0,84.53,0.0,34.025999999999996,46.878,6.4178,19.1156,18.605721282771714,40.5948743292421,26.8034,27.194,79.01441946721289,58.189981541403164,33.315999999999995,45.322,5.5628,17.309800000000003,16.447515618144294,37.99920627716551,27.006999999999998,27.5414,81.29646591013636,60.95597029296956,6.548,16.71,25.828695286835046,67.87784877181736,10.462,23.9,41.34945628078352,96.47149708968803,1.932948745440973,3.25150571804978,12.478191965050495,9.440129249256092,1.834000000000001,76.8,69.4,102.6,96.2,634.6,660.0,0.8225999999999999,0.7662000000000001,0.8798,0.7736,0.856,0.77,2958.5845999999997,2636.6878,3255.0024000000003,3121.4,3131.666,2917.14,2442.708,2020.269,2876.954,2414.356,2696.468,2248.229,18196.0,18366.6,2525.4,3533.2,2.7230000000000016,2.1620000000000035,8.441300000000005,11.026200000000017,0.856,1.3,102.0,116.0,277.8,321.8,268.2,373.0,224.0,357.2,210.6,324.6,147.2,235.8,135.2,178.2,120.4,134.4,108.6,130.6,30773,42364.8,21.451999999999998,65.654,0.2221988,0.642005,0.8967476,2.8448256,0.8425492,2.4234218,5281962.11382253,1813092.3266018452,3104105.9885737523,1657648.5725389596,3317596.760412635,1956914.7917089027,21.920341999999998,71.60811900000002
BXD8,56,58.0,303,316.0,23.2575,21.69,27.6625,34.522000000000006,30.262499999999996,37.712,27.974999999999998,36.914,27.907500000000002,34.096000000000004,27.6625,34.522000000000006,1.51,11.0408,5.44,31.774828803218394,25.98,23.45,93.93,68.13993073758051,28.1975,36.682,2.348,12.4158,8.311090727900787,33.543509570935484,25.572,24.093799999999998,90.69130497514217,65.96758343039419,29.28,31.806,2.766,7.2632,9.45423651413115,22.032909310263182,25.8885,24.3274,88.42630049534691,77.26047800864688,4.404999999999999,12.831999999999999,19.022272510146284,59.01588720936782,7.005,16.022,30.083679196409157,73.40959777625201,-3.8547370335619755,13.519978421971341,-19.68033392573679,43.89190964812981,2.467500000000001,83.75,70.0,111.0,95.8,740.5,788.6,0.866,0.764,0.926,0.78,0.902,0.774,2918.519,2602.927,3403.776,3104.88,3206.641,2926.768,2541.615,1990.164,3169.724,2425.19,2914.555,2270.826,28471.0,22284.4,6164.25,5179.6,3.0337499999999977,1.524000000000001,9.404624999999994,7.772400000000004,2.505,0.964,77.75,111.4,261.5,276.2,239.0,291.0,198.75,286.8,166.5,270.2,125.75,210.0,109.0,169.4,100.0,156.6,95.0,140.0,26286,37905.2,3.2675,19.968600000000002,0.0,0.011427759999999999,0.2178255,0.8602274,0.0,0.9305327999999999,0.0,18201292.291752715,8042394.3470474705,3827028.392387332,0.0,3651127.1459333645,0.0,1.1884870399999998
BXD11,55,57.0,302,307.0,23.688000000000002,24.685999999999996,29.5875,46.748000000000005,35.25,57.1875,33.44,55.585,31.74,46.03000000000001,29.587500000000002,46.748000000000005,5.15,19.1584,16.24,39.82899460550356,23.56,27.72,80.449,60.47758279932206,30.45,49.148,4.689,19.589199999999998,15.01238206159855,39.535265900140665,23.454,29.375,77.58765806817617,60.08568405386624,29.880000000000003,52.251999999999995,5.5125,22.345,18.189482157847614,42.69165365910876,23.736,29.832600000000003,79.61298257487721,57.15487700105111,6.2525,22.062000000000005,26.199115025349997,89.67579007106738,12.120000000000003,32.6525,51.974387518456155,133.8063703935203,1.6364974418902523,-6.704485545503547,-21.72169841010083,-16.308152057213047,1.5400000000000027,73.0,66.4,102.66666666666667,92.4,683.3333333333334,649.6,0.807,0.745,0.875,0.755,0.848,0.751,2961.596,2677.0,3502.061,3079.0,3283.841,2933.0,2430.442,1998.789,3115.844,2328.828,2840.205,2209.079,31512.5,16465.167,5034.25,1377.5,2.1887500000000024,1.9889999999999985,6.785125000000008,10.143899999999991,0.0,2.23,88.25,78.2,239.75,241.2,227.75,305.2,216.0,329.4,231.0,314.2,178.5,253.0,147.75,192.0,118.5,165.4,111.5,150.8,31127,41367.4,11.442924999999999,84.042,0.06049,0.6104049999999999,0.598030325,4.082638000000001,0.269054375,2.4294887999999992,4628864.275086791,1371752.40184218,28504904.116425052,1011841.3421818217,58803772.83276764,1789546.401738756,6.7748800000000005,51.080965
BXD12,51,57.0,292,307.0,24.262,22.305999999999997,28.662,27.698,30.571999999999996,34.368,29.236,32.864,29.244,28.926,28.662,27.698,0.0,3.7281999999999997,0.0,13.350947524022251,0.0,23.794999999999998,0.0,86.02266895213309,30.008,31.582,2.7441999999999998,6.3616,9.11526088091701,19.761866877640173,26.667600000000004,25.014400000000002,88.90672270926731,79.56330085802529,30.48,31.332,2.8333999999999997,5.8986,9.283731761484304,18.528138562656373,27.111400000000003,25.0262,88.96365045205194,80.13394316796004,4.443999999999999,5.392,18.348168007631646,24.248643888665573,6.309999999999999,12.062000000000001,26.04230158886573,54.13331849846172,-1.5783726919535161,0.6625494428027452,-4.914809053593774,7.438361264789364,1.1720000000000006,84.0,70.2,109.6,101.6,667.4,674.2,0.8564,0.771,0.9232000000000001,0.792,0.895,0.784,3038.0407999999998,3643.0,3583.989,4250.0,3349.848,4027.0,2613.962,2817.817,3321.456,3380.134,3018.146,3174.381,24913.4,25931.8,4179.6,3428.6,3.3210000000000006,1.925,10.295100000000001,9.817499999999999,2.684,2.252,71.4,99.2,209.0,377.6,209.0,333.0,181.4,271.6,175.4,243.8,136.2,190.6,122.6,149.0,110.2,123.6,102.4,117.6,26904,36622.6,16.107999999999997,25.488000000000003,0.0996,0.14980000000000002,0.8917999999999999,1.2534,0.2644,0.7418,8465566.507844348,9333251.400200551,2389403.1048581377,3618105.171276608,9112585.896393906,4748607.032345816,6.868999999999998,16.4284
BXD16,50,50.0,290,290.0,33.714000000000006,29.926,46.832,52.434000000000005,52.91000000000001,61.148,51.96,58.098,48.61,54.126,46.832,52.434000000000005,16.373200000000004,22.2108,34.8,42.29,30.0696,30.1826,64.36,57.68,51.212500000000006,60.41200000000001,18.12025,26.357400000000002,35.33322439095101,43.59570971617221,32.44975,33.7558,63.4103267143481,55.908471524301376,51.157500000000006,59.084,17.77825,25.601800000000004,34.66220665932328,43.29874910673778,32.6505,33.2844,63.92402003709294,56.375461932816485,13.118,22.508,39.08983792503311,75.24752342198393,18.642500000000002,31.222,55.1271644229796,104.82982927909407,0.18958902719455728,2.2762137256355253,2.1202414966245096,2.9436395603589838,1.209999999999999,78.0,89.33333333333333,108.5,113.0,713.5,702.8333333333334,0.7767999999999999,0.7642,0.8030000000000002,0.7732000000000001,0.792,0.769,2068.1078,2190.0768000000003,2343.4665999999997,2558.0332,2227.994,2403.729,1611.4,1676.308,1886.256,1980.433,1770.994,1852.897,20346.2,19861.2,5362.6,5340.0,1.4180000000000006,2.165999999999997,4.395800000000002,11.046599999999984,0.752,1.316,104.6,148.4,334.25,426.0,375.0,502.0,400.0,544.4,383.75,509.2,266.0,388.2,212.75,252.4,159.25,181.4,143.25,150.4,47331,61356.2,70.24000000000001,98.07000000000001,0.9786537499999999,1.5164958,3.0681999999999996,4.434239999999999,2.2480525,2.691814,2685553.4229773832,1472616.933922419,1207971.957105072,1211445.5586876113,1799739.617184747,2163371.3760582013,105.700328,226.70450960000002
BXD27,52,49.0,297,288.0,29.144,31.7375,40.076,47.302499999999995,33.66,41.205,33.138,40.4925,37.486000000000004,47.6825,39.876,47.302499999999995,13.676,21.204,34.22,44.85,25.803,25.956500000000002,64.8,54.85,39.342,49.5075,11.4768,21.72025,28.996811420384425,43.89201553106146,27.3286,27.388,69.64343767082728,55.30327618966266,30.988,36.58,4.0388,10.09125,13.365398035029106,26.68500019077015,26.072000000000003,25.5625,85.2812370602341,70.75261147340167,10.931999999999999,15.565000000000001,37.826193618582515,50.2573413885606,4.515999999999999,9.467500000000001,15.645463401704678,31.56756833296028,21.364343842158682,25.909314824418388,62.48486830084418,53.34657155404511,3.0720000000000005,83.8,90.5,107.8,108.25,718.4,706.25,0.7888,0.75275,0.851,0.76925,0.825,0.763,2121.1842,2326.19225,2610.8666000000003,2598.8225,2410.938,2489.525,1678.769,1754.365,2224.991,2003.767,2001.879,1903.777,26532.4,24296.0,5856.8,8765.0,1.9410000000000054,1.9625000000000021,6.017100000000017,10.00875000000001,1.236,0.635,122.6,175.875,381.6,387.25,503.8,490.25,512.8,553.25,473.4,586.5,317.2,489.75,195.2,379.5,145.4,236.0,131.0,197.0,54243,72093.25,79.7225,113.445,1.760703125,4.431935,3.0671675,3.6529,2.73488,3.3884875,825769.8060577074,471836.3034285536,1292057.6956033313,1275923.389521958,2133632.0724413274,1566589.2075122017,224.775806875,764.258235
BXD32,40,42.0,178,189.0,28.588,28.025000000000002,32.2,45.12,35.66199999999999,51.20666666666667,34.206,48.47,32.410000000000004,45.14333333333334,32.198,46.2375,5.45,15.729,16.58,33.99,25.47,28.81875,79.44,62.35,34.478,49.75666666666666,6.895999999999999,18.361666666666668,19.73224614254616,36.70444575935178,26.2782,29.787333333333333,76.46931770991587,60.0263738962506,33.78,48.623333333333335,6.0,17.379,17.266034665035058,35.52016623670214,26.080000000000002,29.802666666666667,77.64235690037951,61.45464377082575,3.6099999999999994,17.09,12.556635573432223,60.97024076885586,7.073999999999998,23.81,24.8765509181564,86.68547007169468,1.9847169359669465,2.2541653214204294,13.38382431132377,5.4267062530680334,1.8800000000000003,65.4,62.0,103.8,108.0,715.0,691.0,0.8093999999999999,0.7865,0.8618,0.7895000000000001,0.8398,0.788,2584.6,2187.8655,2800.0,2541.2777499999997,2790.0,2393.073,2104.0,1724.481,2542.0,2008.236,2359.0,1889.242,34094.0,23695.75,10026.0,5599.25,0.0,0.0,0.0,0.0,2.224,0.965,90.8,130.75,274.0,298.0,297.4,299.7,256.2,368.0,210.4,362.0,141.0,308.0,115.4,235.0,101.0,175.3,92.2,168.3,29934,47758.0,18.9,157.83333333333334,0.039999999999999994,1.7200000000000002,0.8379999999999999,6.436666666666667,0.804,6.286666666666666,27166666.666666668,815709.7913048429,6423133.957821458,459950.53171076387,7423728.265154054,523081.8914872331,3.8480000000000003,235.46
BXD34,53,53.0,299,299.0,26.2625,24.842000000000002,33.8575,33.446000000000005,37.9225,38.9,36.455,36.564,33.8825,36.022,33.8575,33.446000000000005,7.7,8.13,22.55,23.07,25.9,25.005199999999995,76.137,75.97,35.995,41.263999999999996,7.8702499999999995,13.7678,21.861750291770278,32.154735169575574,27.46825,26.987599999999997,76.31114314000209,66.55007225112442,35.085,37.204,6.37025,9.3282,18.120911670080012,24.416688472605234,28.397,27.542,80.97100798429702,74.66887245528896,7.5950000000000015,8.604,28.949630511675245,34.30050247979038,11.66,14.058000000000002,44.4368499728625,56.30180192592379,2.4827676111028514,9.014732033354525,19.016479368422154,30.431766979478585,1.5825000000000014,75.0,80.0,107.75,117.0,698.5,720.6,0.8372499999999999,0.7906,0.901,0.8046000000000001,0.874,0.799,2591.82675,2882.4616,3095.139,3372.5778,2884.073,3167.045,2174.269,2288.231,2790.236,2718.911,2531.927,2538.303,21598.0,19501.8,3803.75,4209.0,2.835000000000001,2.2430000000000008,8.788500000000003,11.439300000000003,1.735,1.812,100.75,103.8,388.5,338.2,376.25,373.2,350.25,338.6,325.5,335.0,277.8,534.8,179.25,167.8,150.75,139.2,130.25,119.8,43101,41517.4,39.82000000000001,42.994,0.24800000000000003,0.15520798,1.90025,1.938287,1.2603125,1.7005914,5206732.215400706,9502384.849843634,2327892.3621958983,2805527.6522296034,3228081.0015433994,2954451.0424235095,25.645500000000002,18.5376748
BXD39,44,45.0,265,256.0,28.96,28.708,41.470000000000006,45.4,45.506,48.138,43.077999999999996,47.948,41.718,44.706,41.007999999999996,45.4,15.0572,19.2134,36.74,42.3225,25.701999999999998,26.482,62.668,58.33,43.708,47.088,15.472399999999999,19.164000000000005,35.42455574460656,40.70178570361692,27.5884,27.465200000000003,63.11003408299401,58.32613092199824,43.864,46.254000000000005,15.0472,18.4908,34.28606370133392,39.98486446391861,28.1312,27.576,64.15987219758696,59.61099113210496,12.510000000000002,16.691999999999997,43.264713126802285,58.2545752882128,16.546,19.43,57.39504959960777,67.78720380805518,-0.3492886466318773,1.7537821680229115,2.771758553680935,3.487354256294741,2.960000000000002,58.0,60.4,89.4,96.4,665.0,675.0,0.7404,0.0,0.7609999999999999,0.0,0.752,0.0,2237.0374,0.0,2631.2136,0.0,2466.0,0.0,1660.0,0.0,2009.0,0.0,1863.0,0.0,17294.2,13289.6,3139.8,1987.4,1.0309999999999946,1.6120000000000005,3.1960999999999835,8.221200000000001,0.0,1.068,153.4,206.4,408.4,510.4,381.4,513.0,381.2,540.2,347.0,559.4,277.8,534.8,248.6,492.4,225.2,420.2,200.4,361.6,52077,86434.6,90.45599999999999,181.60000000000002,0.7390956,3.0302619999999996,4.384176,7.4285179999999995,2.550456,6.32325,2573102.957549201,813643.743578539,1022532.7685860271,706086.0251946927,1649187.6041615945,878676.4669731089,119.62417559999999,615.537694
BXD40,39,40.0,175,178.0,22.487499999999997,19.26,27.97,27.67,26.826666666666668,31.94,24.75,32.21,25.72,29.3075,25.22,27.67,1.99,6.88,7.9,24.86,22.13,19.99,87.75,72.23,28.1,31.54,3.65,9.82,12.931182070360961,30.89836452225747,23.15,20.93,82.50647744833627,66.58647486017855,27.48,27.1,2.34,5.0,8.513578344272975,17.91926679608877,23.995,20.8,87.3,77.5,2.28,8.41,11.202691547554526,43.87,3.49,12.68,15.04,65.67,2.066583981940623,14.223034749975767,34.89903250836456,50.896,2.386666666666668,99.0,76.0,121.0,112.75,0.0,0.0,0.883,0.737,0.943,0.753,0.921,0.746,2789.0,2837.0,3310.0,3626.0,3091.0,3291.0,2495.0,2090.0,3131.0,2729.0,2864.0,2458.0,32879.0,35918.0,8608.0,7597.0,0.0,0.0,0.0,0.0,2.36,1.79,91.2,100.3,314.3,324.0,297.0,412.3,262.8,418.0,231.3,367.3,160.8,239.8,120.0,167.0,111.0,132.8,109.8,123.0,32404,44247.0,12.75,18.175,0.02,0.02,0.7174999999999999,0.8674999999999999,0.245,0.665,60071428.57142857,12875000.0,7613905.226606081,3979239.501536361,14818627.450980391,6623812.570396873,2.1175,2.06
BXD43,17,17.0,57,57.0,23.13,23.1625,30.75,36.21,32.776666666666664,50.22,30.78,49.24,27.52,39.2,30.75,36.21,5.529,9.017,17.32,24.56,23.801,25.52,77.96,70.77,32.29,43.87,5.08,14.23,15.441312895245614,32.299033609600045,25.67,27.79,79.81,63.44,30.37,37.1,6.07,7.5,9.75,20.04,25.761,27.756,85.22,74.99,7.6175,13.586,32.5,59.9,10.17,27.59,44.821785022740166,121.94604270659998,5.8953068139426215,15.373105765598915,43.765630239495145,48.12756273012963,3.219999999999999,68.5,67.3,97.3,101.7,758.0,709.5,0.800275,0.752,0.888,0.776,0.854,0.767,2621.0,2649.0,3230.0,3257.0,2943.0,2971.0,2108.0,1988.0,2841.0,2543.0,2532.0,2282.0,40038.0,29792.0,13697.0,7848.0,2.998,2.213,9.293800000000001,11.286299999999999,1.99,1.447,82.3,89.3,367.3,344.7,431.5,487.0,390.3,492.0,343.0,462.8,245.5,353.7,180.0,262.3,144.5,190.0,125.3,154.0,45148,57433.0,16.61,26.69,0.155,0.007,0.77,1.175,0.521,1.2,1340872.3747980613,48000000.0,6930611.428367458,3004147.526249491,34482922.61786433,4221515.605109196,12.84425,0.64
BXD44,1,1.0,1,1.0,24.0,23.8,33.954,50.36,37.32,65.79,34.116,64.536,34.4,56.2,36.8325,52.46,13.79775,28.05725,33.49622,52.87752,21.8926,23.2312,63.88401,45.08158,40.27,62.57,16.44,36.77,40.699,58.68,22.55,24.73,56.1,39.59,34.685,62.245,9.13,35.74,26.23,57.36,24.32,25.269,70.2,40.62,9.954,26.56,41.51907,112.1988,12.058,39.94,50.252711065102375,170.3614015151515,7.4444230944192755,2.19,44.16525591626086,2.654396936970772,3.8840000000000003,79.625,82.625,107.75,126.875,625.375,584.0,0.84006,0.7803,0.87498,0.78628,0.8609,0.7838,2344.0,2010.0,2633.0,2247.0,2521.0,2155.0,1978.0,1576.0,2307.0,1772.0,2180.0,1696.0,20465.0,14586.0,4319.0,5530.0,1.375,3.085,4.2625,15.7335,0.69,0.895,120.6,238.4,356.4,370.0,447.0,566.0,521.6,600.0,554.2,572.6,379.8,543.8,211.6,370.0,144.0,349.0,136.2,276.6,70698,88299.0,37.346,57.96,1.539,1.9148,1.1992,1.337333,1.0418,1.6365,2834403.858707563,632518.7172786801,3119504.011796678,1069056.6771483892,16548189.637539728,1201412.5571918741,70.33099999999999,1021.5409999999999
BXD45,2,2.0,4,4.0,24.2,21.0,30.266,34.886,32.6,43.7,32.4375,44.6,31.3,38.1,29.7,37.08,2.61975,11.391,8.7275,30.62,26.392,24.57975,87.555,66.4,32.116,44.958,0.0,0.0,0.0,0.0,0.0,0.0,0.0,0.0,30.288,39.486,0.0,0.0,0.0,0.0,0.0,0.0,0.0,0.0,6.066,13.886,25.37745,66.12381,8.376,22.716,34.6759420289855,108.17142857142858,7.535940032435998,13.466383446759977,0.0,0.0,1.7,88.875,78.71428571428571,111.875,101.85714285714286,763.125,760.1428571428571,0.90285,0.769975,0.992625,0.78605,0.956675,0.7796,2799.0,2914.0,3394.0,3511.0,3163.0,3280.0,2514.0,2244.0,3358.0,2764.0,3031.0,2563.0,31794.0,30202.0,6011.0,5500.0,4.143,1.622,12.8433,8.2722,2.85,1.79,154.75,163.25,320.0,277.5,280.25,286.75,237.75,288.5,223.0,283.0,0.0,0.0,155.25,219.5,142.0,182.0,0.0,0.0,35661,41125.0,28.095,97.5425,0.508,2.114,0.88925,4.2285,1.4595,2.43375,3295504.5409170133,810702.1210882897,3879064.642231453,742678.6265214318,2442443.597330315,1199329.43809393,80.51075,351.36725
BXD48,21,21.0,71,71.0,27.53,25.69,35.24,47.32,38.44,56.52,37.01,49.1,35.51,50.49,33.88,49.3,6.48,21.6,19.1,43.71,26.086,26.33975,77.07,53.46,37.228,55.414,10.22,26.57,26.87,47.92,25.84,27.51,69.98,49.65,35.02,49.97,7.56,21.65,21.288,43.067,26.223,26.9638,75.1799,54.211,7.695999999999998,21.636,27.868862491947503,83.96924731976668,10.9,30.83,39.53933756336899,120.22749969386389,5.500289656463295,10.015626796556623,24.50692869070858,18.938439507789813,2.17,77.9,73.8,110.0,107.2,714.887,737.0,0.856,0.786,0.888,0.764,0.876,0.773,1762.0,1716.0,2195.0,1935.0,1985.0,1832.0,1499.0,1353.0,1967.0,1481.0,1740.0,1421.0,22827.0,19119.0,6867.0,7902.0,0.0,0.0,0.0,0.0,1.42,1.17,93.0,145.0,317.0,390.0,340.0,477.0,310.0,473.0,264.0,464.0,180.0,371.0,145.0,271.0,125.0,206.0,113.0,175.0,36359,59689.0,29.86,105.45,0.167,1.418,1.307,3.878,1.018,3.242,4039972.2735674675,1087606.7936917983,2691256.997739664,1213538.7448940245,3273459.650840575,1603629.3192790134,15.949750000000002,228.36533333333333
BXD48a,10,12.0,16,24.0,29.78,30.2,38.216,50.3,44.0,58.7,44.354,61.386,39.4,54.3,38.216,50.185,8.508,20.698,21.952,41.158,28.8072,28.217,75.67,56.312,41.567,62.08,10.567,26.32,25.29,42.36,29.822,34.45,71.833,55.55,41.4,56.4,8.2,23.19,20.59,41.02,29.899,31.713,76.14,56.3,8.436000000000002,20.1425,28.123264182787672,66.7824853631723,14.23,28.34,47.69266722614886,93.24383191261319,2.999717716136792,9.228066796456707,22.055095275777422,12.107361060200967,2.85,77.83,74.0,109.67,111.33333333333333,676.0,685.1666666666666,0.8201,0.750875,0.85586,0.7466,0.84154,0.748325,2322.0,2274.0,2772.0,2488.0,2598.0,2405.0,1902.0,1713.0,2382.0,1863.0,2196.0,1805.0,23715.0,18891.0,6096.0,2831.0,2.29,1.14,7.099,5.813999999999999,1.464,0.275,124.6,159.3,326.8,417.7,304.4,445.3,285.8,454.7,260.2,451.0,199.6,390.7,182.0,341.7,158.6,276.7,147.6,240.7,38964,64988.0,73.06,331.1,0.8334,9.793333,3.5046,11.74867,1.8986,10.85433,2654704.7545749336,178766.81817764815,1256999.6289447048,356841.4059820539,1766734.73931031,417510.22594281525,117.85619999999999,1561.4383333333333
BXD49,21,21.0,71,71.0,32.0,32.1,36.64,44.17,40.87,52.64,39.62,47.02,37.1,46.18,36.64,44.17,4.76,12.92,12.91,29.1,30.73,30.023,83.94,68.14,37.82,52.69,5.33575,19.954,14.1037,36.545,31.2085,31.291,82.521,60.665,39.97,51.72,6.56,19.23,16.42,35.567,32.2195,30.8532,80.6278,61.0697,4.437499999999999,10.674,13.785921215703768,33.059068617007036,8.668,20.745,26.91959982304857,64.18707460828564,-5.683024394451091,2.3759259193247866,-24.41446399451894,5.5705978530181275,2.0,68.3,73.8225,97.0,107.175,712.0,736.91875,0.863,0.811,0.895,0.8038,0.882,0.808,1744.0,1887.0,2487.0,2257.0,2149.0,2089.0,1491.0,1524.0,2240.0,1832.0,1899.0,1692.0,25164.0,20556.0,6358.0,6057.0,0.0,0.0,0.0,0.0,3.16,2.55,89.0,113.0,311.0,267.0,266.0,273.0,239.0,237.0,212.0,220.0,159.0,196.0,144.0,187.0,130.0,172.0,127.0,166.0,33064,36531.0,13.03,54.24,0.0,0.606,0.795,2.3535,0.344,1.995,0.0,1618002.0965047334,4299907.408552244,1299205.637091449,9547314.814083528,1881117.7347542858,0.0,66.784
BXD50,31,36.0,96,113.0,27.65,27.37,33.89,43.818,38.58,48.116,35.96,48.02,35.0225,40.956,36.93,43.82,9.8,0.0,25.7,0.0,25.6,0.0,70.26,0.0,35.83,46.07,8.26,0.0,22.03,0.0,26.3,0.0,74.49,0.0,34.72,42.39,6.15,14.76,17.36,34.71,26.49,26.17,34.72,61.85,4.484,16.448,15.729432811098054,60.72049018138432,10.22,20.746,36.474006833058674,76.65807840556951,2.621482742791172,7.419309161765962,14.485954321386656,0.0,2.62,58.6,73.75,96.0,105.6,657.0,655.3,0.741,0.664,0.793,0.674,0.769,0.67,2569.0,2452.0,2923.0,3079.0,2762.0,2856.0,1909.0,1629.0,2330.0,2086.0,2139.0,1923.0,29192.0,28314.0,12253.0,11437.0,1.908,0.0,5.9148,0.0,1.176,0.548,91.0,144.2,258.0,327.8,280.0,290.2,262.0,294.4,268.0,291.2,229.0,223.2,179.0,187.0,157.0,161.8,150.0,156.6,37750,41021.0,48.02,122.05,0.1183,1.896,2.0735,5.084,2.11,4.22,3999293.4110581167,1007132.1924118486,1425527.8302994585,767410.6792307587,1452087.3722318346,829376.514214542,14.53775,272.13040000000007
BXD51,2,2.0,4,4.0,26.2,27.75,31.828,51.2275,35.5,59.6,32.09,64.07,33.0,54.5,31.545,52.523,5.69225,25.7155,17.6525,48.8175,24.4735,25.28775,77.975,48.285,35.364,61.973,0.0,0.0,0.0,0.0,0.0,0.0,0.0,0.0,32.896,55.378,0.0,0.0,0.0,0.0,0.0,0.0,0.0,0.0,5.628,23.4775,21.458132625994697,84.71894393241168,9.284,31.83,34.87544827586207,115.26297448370029,6.462758327932396,9.191689970925083,0.0,0.0,1.8099999999999952,75.625,62.5,101.625,98.625,691.0,660.75,0.824175,0.768,0.895775,0.773325,0.86715,0.771175,2904.0,2287.0,3490.0,2689.0,3263.0,2533.0,2382.0,1758.0,3113.0,2083.0,2830.0,1957.0,42678.0,22257.0,12564.0,4338.0,2.815,1.81,8.7265,9.231,2.0,0.81,119.0,178.25,215.75,313.0,222.25,358.25,202.0,382.25,179.0,367.0,0.0,0.0,142.5,193.5,125.25,191.25,0.0,0.0,28369,46108.0,29.8975,82.7875,0.99025,1.8715,1.09125,2.802,0.81375,3.56375,1277418.292654945,989563.2035736578,1973757.9890735806,1104957.0397440959,2751410.647282515,1084725.4483215488,116.1525,332.90375
BXD53,46,46.0,281,281.0,24.68,26.23,31.784,43.148,34.874,49.054,33.967999999999996,47.92,32.124,44.888,31.784,43.148,3.7600000000000002,12.927000000000001,11.56,29.77,27.803199999999997,30.143600000000003,87.73,70.06,34.040000000000006,48.775999999999996,5.4402,17.378000000000004,15.65,35.6,28.5246,31.3016,84.1,64.21,32.504,42.948,3.7234000000000003,12.816000000000003,11.133,29.55,28.596799999999995,30.065999999999995,88.3,70.3,7.104000000000001,16.918,28.688962280556552,64.86414941807018,10.194000000000003,22.823999999999998,40.95271348247735,87.36508829386922,4.232412658564125,11.804973713274606,0.0,0.0,1.9320000000000015,81.2,75.2,110.2,105.6,598.0,666.4,0.841,0.774,0.901,0.776,0.877,0.775,2754.0,2510.0,3386.0,2962.0,3135.0,2801.0,2325.0,1946.0,3058.0,2303.0,2764.0,2177.0,40771.8,34933.4,10968.0,13076.6,2.7840000000000034,2.1829999999999927,8.63040000000001,11.133299999999963,1.664,1.28,84.6,166.8,339.2,423.0,287.2,465.8,241.4,458.8,195.0,458.8,133.6,317.0,112.6,254.6,95.0,201.6,98.6,197.2,29754,57240.2,12.677,52.965999999999994,0.0,0.8351076000000001,0.6740244000000001,2.289996,0.3415172,1.6435206,0.0,2632147.339828643,8765996.241289672,2098341.74629002,23413775.58740809,3156385.331844428,0.0,143.9893604
BXD55,4,4.0,6,6.0,24.4,21.6,29.828,32.964,30.6,41.7,30.044,43.6475,30.6,36.7,30.198,33.694,3.8924,6.2582,12.736,18.422,24.887,26.132,82.532,77.718,30.858,41.908,2.105,5.877,7.01,16.5825,25.4842,27.2925,86.676,77.845,29.45,35.125,0.0,0.0,0.0,0.0,0.0,0.0,0.0,0.0,5.428,11.364,22.22308695652174,52.786053077357415,6.222,19.98,25.49065217391304,92.31246470920384,4.549114909070934,14.883446722547719,0.0,0.0,1.96,93.0,87.75,122.0,116.0,682.25,624.75,0.82776,0.79976,0.91928,0.81788,0.88288,0.81082,2753.0,3871.0,3417.0,4518.0,3160.0,4268.0,2286.0,3092.0,3133.0,3710.0,2805.0,3471.0,32170.0,36785.0,5522.0,7214.0,2.638,3.048,8.1778,15.544799999999999,2.224,3.44,91.2,77.5,183.4,199.5,217.8,251.25,197.4,251.5,172.6,231.0,133.8,173.75,118.4,144.25,108.4,133.0,109.0,131.25,26000,31812.0,41.034,45.9625,2.295,1.192,1.0912,2.172,0.9934,1.3515,505702.72251260205,686764.4003242408,1897915.615764501,947488.8735791283,2311577.6606066646,1930472.3107388224,209.342,92.54675
BXD56,30,30.0,91,91.0,26.95,25.87,32.22,39.22,34.38,44.79,32.32,41.285,31.22,39.88,32.22,39.22,5.27,10.5,16.31,26.8,25.7,27.46,79.823,70.0,33.52,41.18,4.1,10.9,12.1,26.41,27.8,28.77,82.99,69.83,31.8,40.0,2.38,9.045,7.48,22.6,27.95,29.486,87.87,73.66,5.268000000000002,13.5475,19.515324105797713,52.83589838663287,7.15,18.73,26.2571338870857,72.34010700871661,5.085341417003525,2.776691989480385,41.16052556453412,68.937,2.39,73.6,85.2,104.0,119.9,726.6,719.1,0.0,0.0,0.0,0.0,0.0,0.0,2786.0,2760.0,3452.0,3331.0,3181.0,3118.0,1519.0,1536.0,2082.0,1920.0,1853.0,1776.0,28637.0,24586.0,4898.0,3513.0,2.424,1.318,7.5144,6.7218,2.132,1.535,82.0,118.8,267.0,311.3,295.0,421.3,305.4,425.3,284.6,420.3,221.4,324.5,176.2,271.8,139.0,219.5,127.8,188.3,38051,55009.0,20.914,58.92,0.329,0.729,0.872,2.49,0.72,2.15,4226997.527944228,1703578.2841936569,3475765.316596149,1268796.041175885,7460840.442856816,2126301.2051689406,28.52904,90.159
BXD60,20,39.0,65,175.0,27.94,32.78,34.48,55.4,45.34,64.79,45.38,62.62,37.94,56.39,36.34,55.75,8.15,25.55,22.04,45.86,26.67,28.68,73.76,51.41,38.46,61.35,9.88,30.59,24.32,49.9,28.056,29.01,72.1,47.25,38.858,58.88,9.44,29.27,23.37,49.72,27.779,27.96,72.31,47.45,4.68,22.61,16.66,69.2,19.25,32.0,68.4199737830435,97.9,-0.5737946902011437,3.994652382062158,5.488033411787638,4.231,2.57,91.58,93.2,117.22,122.4,663.43,627.6,0.794,0.718,0.856,0.716,0.832,0.716,2608.0,1806.0,3198.0,2083.0,2920.0,1967.0,2112.0,1300.0,2769.0,1497.0,2460.0,1414.0,35852.0,18765.0,10354.0,6144.0,4.324,0.0,13.4044,0.0,3.596,0.0,110.8,193.5,210.6,351.2,235.6,321.0,219.8,330.2,201.8,346.6,150.2,312.4,136.2,243.8,119.6,206.0,110.2,198.8,29195,50111.0,47.03,0.0,0.1816,0.0,1.762,0.0,1.547,0.0,6731318.520421714,0.0,1532258.4318774526,0.0,1898059.4034627448,0.0,21.1964,673.04
BXD61,7,7.0,10,10.0,26.5,27.0,32.8,45.514,34.8,53.2,34.39,53.032,32.0,50.5,32.79667,48.8,6.380667,18.827,19.48667,38.546,25.72633,28.994,78.41,59.442,34.78333,53.706,6.684667,22.7954,19.22,42.42,27.20633,29.7338,78.20333,55.388,30.917,53.21,3.36,22.25,10.85,41.732,26.04,29.36,84.29,55.25,6.296667,18.514000000000003,24.01241,68.59461372677893,8.27,26.21,31.07421129980931,97.50404343293977,11.132511266373271,0.9144342964610432,50.1538978839057,2.5429124654751534,0.0,79.857,79.75,111.0,110.375,743.0,709.7,0.8472334,0.78924,0.9360333,0.80688,0.9005,0.79982,2716.0,2129.0,3322.0,2573.0,3088.0,2401.0,2311.0,1680.0,3098.0,2080.0,2794.0,1925.0,32124.0,22043.0,5755.0,5181.0,3.667,2.626,11.3677,13.392599999999998,2.487,1.632,96.3,144.4,207.3,250.8,221.3,293.8,201.6,321.0,191.0,332.0,159.7,243.4,135.7,207.0,108.7,180.2,103.0,160.6,28140,42864.0,28.84,263.5,0.69,4.805,1.062333,10.1946,1.030333,9.9428,2219244.6556715476,343666.7886513085,1961858.5613958612,313863.49755622406,6119709.551880124,314001.5416385662,64.53966666666666,690.9797999999998
BXD62,14,14.0,32,32.0,25.32,25.84,29.72,38.75,31.96,45.51,31.15,45.54,30.5,41.57,29.48,39.97,2.88,13.0,9.91,32.54,25.36,25.778,86.32,64.47,31.63,43.86,4.23,17.1,13.1,39.01,26.29,25.65,83.45,58.44,31.81,42.77,4.35,16.14,13.59,37.77,26.54,25.313,83.5,59.16,4.4,12.907499999999999,17.48,49.937938472789554,6.64,19.6678,26.104433746990544,76.11501237270902,-0.7750302282759992,2.4899918020027916,-33.69615927305172,5.5602505614037705,2.75,74.281,74.0,103.504,101.54,628.59,691.88,0.812,0.757,0.904,0.78,0.868,0.772,2452.0,2309.0,3049.0,2673.0,2751.0,2491.0,2049.0,1749.0,2793.0,2099.0,2421.0,1924.0,23269.0,24168.0,2775.0,4827.0,3.36,1.7,10.416,8.67,2.775,1.695,137.0,132.0,272.0,315.0,189.0,364.0,186.0,371.0,168.0,361.0,142.0,313.0,134.0,253.0,127.0,213.0,121.0,178.0,28390,50864.0,22.38,103.1,0.0,1.57,1.36,4.11,0.256,3.45,0.0,856327.0297622745,2261080.8677286217,853153.8593499888,13231276.254067138,1270424.013094991,0.0,206.62175
BXD63,13,13.0,30,30.0,27.25,30.75,33.21,46.45,36.95,47.87,35.4,48.5,34.98,48.47,34.56,45.45,9.467,19.376,27.34,42.82,24.0,24.8,69.59,54.64,37.01,46.1,9.89,18.57,26.32,40.3,25.81,26.3,70.11,57.05,34.9,41.18,7.43,13.9,20.79,33.65,26.33,26.15,75.95,63.6,5.96,15.702499999999999,22.05,51.22654401857184,9.41,19.085,36.22822460672243,66.31322628828565,5.672023588997316,10.641014031198178,25.663548347382065,25.329481511519397,1.3,93.11,76.0,114.125,105.625,694.625,661.375,0.787,0.765,0.873,0.783,0.841,0.777,2508.0,2312.0,2967.0,2814.0,2738.0,2566.0,1975.0,1769.0,2631.0,2223.0,2303.0,1999.0,30107.0,22804.0,7952.0,5777.0,3.192,2.252,9.8952,11.485199999999997,2.588,1.79,122.0,198.0,344.0,440.0,380.0,506.0,359.0,546.0,348.0,547.0,295.0,529.0,221.0,444.0,187.0,365.0,168.0,281.0,48596,80500.0,44.3,100.17,0.71,2.46,1.79,3.32,1.372,4.267,1800303.7641128295,857687.2188445348,1990344.8123275698,1344847.5414600852,3600509.9645657353,1246851.4145498676,88.24675,494.282
BXD64,22,22.0,73,73.0,25.57,25.01,33.12,43.42,33.72,50.24,32.49,50.065,32.6,44.25,33.12,43.42,7.71,17.34,23.22,39.73,24.36,24.83,73.6,57.4,34.1,47.4,8.06,20.41,23.52,42.77,25.03,25.7,73.52,54.5,31.8,43.58,5.47,16.66,17.18,37.986,25.44,25.767,80.01,59.34,8.59,17.847500000000004,35.03,70.01096861273685,9.19,24.67,37.64292350863014,96.52646503983738,6.384518892032279,7.9306602757970435,30.171714561062146,17.64576186627157,2.26,89.84,97.3,120.0,121.8,674.55,636.37,0.783,0.751,0.834,0.767,0.814,0.76,2336.0,2490.0,2730.0,2891.0,2584.0,2728.0,1870.0,1910.0,2327.0,2239.0,2108.0,2084.0,28436.0,29756.0,4857.0,6348.0,2.013,1.782,6.2402999999999995,9.088199999999999,1.315,1.365,79.0,138.0,246.0,358.0,263.0,468.0,268.0,511.0,254.0,511.0,213.0,476.0,195.0,437.0,180.0,390.0,168.0,340.0,38095,76776.0,25.42,28.34,0.3155,1.048,1.072,0.9523,0.919,1.019,2704320.066660062,1372644.022549471,3317016.28239987,4199929.845219762,3350126.0976561867,12724904.906059727,24.352249999999998,149.38933333333333
BXD65,19,19.0,63,63.0,28.18,29.2,40.07,51.28,48.3,64.44,47.113,64.05,39.46,52.65,40.07,51.28,11.6,22.63,29.03,44.14,27.17,27.3,67.66,53.22,46.43,58.913,14.47,28.37,31.26,48.15,28.003,28.887,60.59,49.03,45.49,59.81,15.11,29.1,33.201,48.66,28.884,28.975,63.5,48.45,11.9,22.075000000000003,42.9,76.63329565076978,20.12,35.24,72.88978428107666,122.60404943476077,-0.8775074940290195,-1.5332102071926912,-4.51782290711002,-2.6063296325108265,2.07,80.9,79.5,109.489,101.0,644.72,637.0,0.792,0.756,0.859,0.765,0.835,0.762,2385.0,2353.0,2649.0,2772.0,2529.0,2581.0,1902.0,1786.0,2289.0,2129.0,2113.0,1973.0,28290.0,29471.0,6586.0,8484.0,3.512,2.288,10.8872,11.668799999999997,1.3,1.395,143.0,198.5,302.5,379.75,327.88,396.5,331.25,392.25,307.25,350.75,244.75,325.5,210.0,292.75,181.25,247.75,169.75,208.25,44016,56012.0,79.25,156.45,1.51,4.35,3.13,4.44,3.12,5.17,959533.9370489131,483620.4631286599,1129383.026344332,858214.5022362501,1083466.6250491557,817237.0072544302,217.21800000000002,909.1195
BXD65a,32,33.0,100,102.0,30.72,29.85,41.87,47.81,44.04,54.0,44.406,52.24,40.91,47.09,42.246,47.81,11.15,18.16,26.41,37.91,29.675,28.63,70.23,59.94,44.886,53.245,12.5536,21.96,27.96,41.04,30.755000000000003,29.43,68.52,55.45,40.538,51.03,8.56,20.1,20.85,38.95,30.385,29.17,75.212,57.5,11.522,17.965,37.56548690674103,60.15294424291657,13.314,24.16,43.511252852607356,80.73149339340954,9.673277874319963,4.21,32.11459499996033,8.999969323464564,2.72,83.4,81.4,108.3,111.3,643.2,622.3,0.71,0.693,0.781,0.688,0.749,0.69,2469.0,2604.0,2976.0,3068.0,2746.0,2860.0,1756.0,1808.0,2324.0,2111.5,2066.0,1975.0,36876.0,28662.0,8774.0,7424.0,2.876,2.325,8.9156,11.8575,2.04,1.53,146.4,149.25,343.0,326.5,365.0,398.0,361.0,459.8,350.0,472.3,297.0,383.5,263.0,289.8,219.0,221.5,189.0,178.0,51219,59021.0,91.992,120.55,1.76,2.275,3.766,4.74,3.65,4.33,995369.8888317989,717964.4778571799,913172.936858962,741243.9049791011,2584462.8568573585,997019.3715187972,256.736,340.37075
BXD65b,18,0.0,59,0.0,28.4,0.0,41.62,0.0,49.21,0.0,48.38,0.0,42.16,0.0,42.75,0.0,12.96,0.0,30.32,0.0,28.53,0.0,66.7,0.0,45.86,0.0,15.4,0.0,33.5,0.0,28.92,0.0,63.1,0.0,46.1,0.0,15.96,0.0,34.63,0.0,28.4,0.0,61.5,0.0,13.4,0.0,46.08,0.0,21.56,0.0,78.11646921436387,0.0,-0.552,0.0,-3.886257429645679,0.0,3.1,73.411,0.0,102.61,0.0,652.41,0.0,0.801,0.0,0.844,0.0,0.829,0.0,2196.0,0.0,2453.0,0.0,2328.0,0.0,1750.0,0.0,2086.0,0.0,1923.0,0.0,28488.0,0.0,7818.0,0.0,2.852,0.0,8.8412,0.0,1.155,0.0,156.3,0.0,292.0,0.0,243.0,0.0,279.0,0.0,265.0,0.0,213.0,0.0,206.0,0.0,195.0,0.0,189.0,0.0,40575,0.0,54.72,0.0,1.33,0.0,1.9068,0.0,2.154,0.0,1310406.9659196055,0.0,1768047.2044123053,0.0,1136977.6503119608,0.0,204.809,0.0
BXD66,11,11.0,17,17.0,28.29,25.413999999999998,38.0,42.84,44.3,54.4,47.298,60.922,42.41,50.77,42.632,48.936,14.0626,23.6828,32.354,48.218,27.145,23.7436,64.332,48.686,44.656,57.166,14.66,30.177,31.737,52.505,28.009,25.2768,63.801,44.464,44.298,56.88,14.6,29.86,32.2216,51.94,28.0416,25.4526,64.036,45.263,9.709999999999999,17.43,33.63830917662945,68.58074694774666,16.016,29.03,55.98529520359964,114.15970019717474,0.1980744608092781,0.738258360586789,-4.876495752303758,1.4738306272500423,2.2,75.75,76.75,105.125,106.5,698.25,678.125,0.83262,0.76622,0.88416,0.77864,0.86352,0.77366,2054.0,2208.0,2563.0,2646.0,2364.0,2476.0,1710.0,1689.0,2268.0,2067.0,2052.0,1920.0,22293.0,15307.0,5241.0,1859.0,3.136,2.196,9.7216,11.1996,2.648,2.432,113.5,146.5,234.3,243.3,223.6,246.1,224.8,257.8,207.8,250.8,147.0,178.3,127.3,153.0,118.0,147.0,111.3,136.3,29202,34339.0,153.645,215.575,2.28175,4.175,6.98925,8.774,4.22725,7.02125,557692.1690357174,453827.4251781221,472443.8863414191,312261.9825588528,566566.4113779212,379567.0603570704,259.43575,603.03675
BXD67,47,47.0,284,284.0,27.436,27.868000000000002,33.58,43.769999999999996,38.76800000000001,53.574,37.866,53.356,35.242000000000004,47.05,33.58,43.769999999999996,8.614999999999998,19.4966,24.55,44.32,24.6516,24.097,74.54,55.26,37.736000000000004,51.013999999999996,12.220400000000001,25.360200000000003,31.435,49.54,25.208,25.532400000000003,67.75,50.225,35.120000000000005,47.924,9.6172,22.6766,25.97,47.05,25.2492,25.2378,73.216,52.92,6.143999999999999,15.901999999999997,21.929625973399368,57.194563364323834,11.331999999999999,25.706,40.314745897749845,92.74603842580665,7.164977829467434,6.11046490431291,24.970977316047787,10.773212418758623,1.310000000000001,86.2,70.4,110.6,95.2,590.6,698.4,0.7802,0.7474000000000001,0.8503999999999999,0.7696000000000001,0.821,0.76,2394.0769999999998,2421.8932,2967.1,2897.4444,2726.8,2696.377,1873.692,1811.082,2530.333,2231.533,2254.968,2053.746,34804.0,25820.0,8208.0,6585.0,1.9920000000000073,1.6999999999999944,6.175200000000023,8.66999999999997,1.064,0.68,113.8,162.0,290.8,363.4,301.4,397.2,265.8,412.8,243.2,434.6,165.0,381.8,129.2,292.4,116.8,207.2,118.0,178.8,33296,57718.6,24.991000000000003,48.766,0.16121842,0.5082726,1.2278818,2.02973,0.7123888,1.932216,9716173.162948674,4169977.3016993897,7781454.296471609,1905267.1234622255,37008095.81785672,2209096.80685916,21.42372004,85.7128864
BXD68,24,28.0,80,88.0,25.35,21.91,37.06,36.11,40.95,41.23,41.72,41.49,35.41,37.52,37.064,36.11,9.8698,10.67,25.885,29.11,26.1,24.228,71.1,67.56,40.8,43.43,10.5,15.99,24.9,36.82,28.8,26.14,71.32,60.2,33.31,34.94,5.33,9.169,15.67,25.7,26.47,24.52,79.83,70.67,11.526,19.37,44.865539961037086,64.96624680045763,14.1,19.33,52.21663501718128,89.54557856967396,17.877954272125262,19.366875274279714,49.06952290702606,42.69633388391248,1.52,78.1,83.8,106.64,109.1,750.33,774.5,0.822,0.748,0.9,0.762,0.872,0.756,2515.0,3208.0,2870.0,3668.0,2699.0,3445.0,2102.0,2385.0,2607.0,2812.0,2363.0,2605.0,35752.0,27023.0,9197.0,5822.0,0.0,0.0,0.0,0.0,1.656,2.05,95.4,78.5,389.0,406.8,385.0,468.5,317.0,432.0,261.0,406.8,197.0,315.0,163.0,231.0,141.0,162.0,126.0,125.5,39899,52472.0,25.39,25.3295,0.206,0.0975,1.2442,1.153,0.6898,0.9735,13336153.963907266,19594861.660079055,4597745.4136273125,4466560.447402615,4859721.23661083,6962747.426284447,20.5708,20.016
BXD69,18,22.0,59,73.0,27.7,25.65,38.91,40.88,39.61,41.05,39.45,33.72,38.78,41.42,38.91,40.88,14.3,17.17,36.7,41.99,23.59,22.54,60.65,40.88,38.71,40.644,13.8,15.848,35.7,38.94,23.83,23.772,61.9,58.57,35.51,38.172,10.9,13.55,30.34,35.17,24.0,23.5,66.98,61.84,11.812499999999998,17.77,44.02732347360067,60.64642426821884,11.828,15.4,43.43258178737868,61.43678257993251,8.23326886998923,5.955092438302569,25.024962523904957,13.888779784313211,0.79,83.17,82.43,115.467,110.65,700.0,681.31,0.8,0.748,0.851,0.761,0.833,0.756,2177.0,2593.0,2508.0,3069.0,2358.0,2840.0,1762.0,1951.0,2133.0,2340.0,1964.0,2153.0,22642.0,21841.0,5070.0,6698.0,3.365,1.576,10.431500000000002,8.0376,1.325,1.24,171.5,202.0,461.0,465.0,490.0,555.0,479.0,587.0,474.0,591.0,454.0,577.0,425.0,489.0,360.0,404.0,294.0,278.0,78779,87212.0,44.538,48.51,1.48,1.733,1.7,1.604,1.06,1.625,1200485.9068678126,1352407.5908442277,3222729.1221209243,3897716.325697769,5414153.888823282,4080183.792187386,264.81339999999994,367.9066666666667
BXD70,5,5.0,7,7.0,24.0,28.874,30.08,39.57,31.4,49.6,30.09,50.2833,30.6,42.7,30.503,38.815,5.92975,10.8695,17.7775,27.3425,23.49225,26.912,78.625,69.89,30.735,47.583,0.0,0.0,0.0,0.0,0.0,0.0,0.0,0.0,29.155,36.73,3.75,8.236,11.575,21.4975,23.7245,26.997,82.64,74.405,6.519999999999999,12.32,27.849166651800168,31.979352514769403,7.4,19.5,31.620411408776413,66.39548276192414,6.90900499611861,22.347428606950547,0.0,0.0,1.91,73.625,104.5,100.625,131.25,671.875,706.75,0.89735,0.7958,0.987475,0.8011,0.95135,0.799,2487.0,3253.0,3013.0,3594.0,2809.0,3462.0,2239.0,2599.0,2964.0,2887.0,2683.0,2775.0,29616.0,30847.0,8745.0,8093.0,3.822,2.658,11.8482,13.555799999999998,3.045,3.0,83.25,122.0,225.0,333.5,201.0,340.0,165.25,328.0,137.5,301.0,109.0,248.5,94.5,170.75,87.25,145.0,90.25,141.5,22663,41760.0,50.16,104.7733,1.19175,1.32325,2.597,3.8255,1.223667,3.084333,745562.1673530393,954584.4080720822,907391.360358483,1225590.3464985073,1500255.3602935355,1568546.599442332,99.05525,165.63400000000001
BXD71,25,29.0,82,89.0,26.18,32.0875,38.59,49.0,38.16,56.3,36.86,53.4,36.01,48.48,38.586,49.0,11.21,18.44,29.01,37.46,25.93,29.07,67.3,59.48,37.38,54.1,10.995,21.4,29.04488,39.4,24.91,30.97,66.95,57.4,31.74,51.1,5.27,19.72,16.52,38.4,25.1,29.9,79.13,58.7,12.402,16.9125,47.35354171399969,52.84210218350681,11.66,23.47,43.7875627597646,71.26247991071543,14.687657607094106,5.542120134495719,49.8294,7.96,2.32,100.3,76.3,124.1,107.3,680.2,690.9,0.749,0.0,0.774,0.0,0.765,0.0,2323.0,2545.0,2563.0,3003.0,2450.0,2817.0,1751.0,1387.0,1991.0,1656.0,1878.0,1547.0,33961.0,30589.0,7604.0,6690.0,0.706,2.277,2.1886,11.6127,0.632,2.785,79.2,161.0,295.0,472.0,373.0,528.0,367.0,547.0,354.8,544.0,250.2,504.0,174.4,440.0,144.6,384.3,122.2,357.7,43011,81873.0,34.29,72.15,1.028,3.32,1.098,1.745,1.3486,2.02,1278988.0291467868,496892.01675040124,3328377.135791475,3012141.921864144,3329312.096376523,3207401.7829435784,88.385,533.2575
BXD73,3,3.0,5,5.0,27.0,27.0,32.37,41.648,31.9,44.8,30.8025,43.915,33.2,40.0,34.145,42.262,6.0055,15.3182,16.88,36.098,26.9755,25.9488,79.7125,61.548,33.398,42.736,0.0,0.0,0.0,0.0,0.0,0.0,0.0,0.0,32.015,41.82,0.0,0.0,0.0,0.0,0.0,0.0,0.0,0.0,6.1160000000000005,14.648,22.748877492877497,54.695,5.67,16.12,21.513233618233617,59.551934650997154,0.37645494695129833,3.8746839129372326,0.0,0.0,2.8,80.125,82.25,102.75,104.75,639.75,644.5,0.812,0.764,0.898,0.762,0.871,0.762,2710.0,2748.0,3301.0,3391.0,3072.0,3142.0,2298.0,2101.0,2990.0,2588.0,2722.0,2400.0,27031.0,19609.0,6597.0,1323.0,2.834,1.13,8.785400000000001,5.762999999999999,3.044,0.764,157.75,125.8,217.25,299.8,189.0,312.6,200.5,330.6,218.25,319.0,196.5,255.4,170.75,215.6,157.0,190.6,0.0,0.0,33566,44394.0,49.13333,82.66,1.06875,1.3462,1.89775,3.56325,1.411333,2.2222,1531404.1081625507,1424791.410940351,1279194.6923599096,997704.0261868234,1330767.7741924624,1500489.0534356204,169.37925,179.50320000000002
BXD73a,9,9.0,14,14.0,27.98,24.66,40.9,42.186,41.4,47.1,41.2,46.844,41.6,44.0,41.588,42.422,13.884,15.903,33.4,37.334,26.5004,25.4716,63.702,60.192,43.8075,47.0475,15.57,18.908,35.522,40.161,26.591,26.511,60.718,56.382,40.765,45.56,12.57,17.83,30.73,39.1,26.64,26.44,65.4,58.1,12.925999999999998,17.522,46.24773894628576,71.0452848067744,13.616,22.46,47.92040030428077,91.18185611055883,6.176835209392475,3.285251348811085,0.0,0.0,2.6,92.75,97.25,115.25,123.375,673.0,658.5,0.77986,0.76364,0.81672,0.76986,0.80198,0.76736,2338.0,2718.0,2672.0,3470.0,2543.0,3179.0,1839.0,2073.0,2182.0,2669.0,2049.0,2438.0,21882.0,21725.0,4785.0,4048.0,0.0,0.0,0.0,0.0,1.128,1.62,128.0,162.0,284.0,244.0,271.0,286.0,261.0,301.0,233.0,284.0,180.0,244.0,155.0,198.0,137.0,176.0,134.0,173.0,34553,41217.0,121.7275,141.495,3.35525,4.743,4.593,4.84,3.6885,4.43975,408988.2343140765,430423.1214429438,652266.2740003242,636181.0082671912,742471.2267007041,873014.5746863715,434.30550000000005,766.7407499999999
BXD73b,27,27.0,86,86.0,29.96,28.66,40.97,45.62,40.35,49.94,37.69,48.51,40.85,47.95,40.97,45.62,13.15,17.949,31.98,39.33,26.42,26.478,64.61,58.05,40.81,48.48,12.74,19.78,31.13,40.81,26.72,27.42,65.56,56.56,38.798,46.89,10.26,18.21,26.04,38.82,27.145,27.25,70.33,58.13,11.01,16.964,36.898159973567566,59.23,10.388,21.28,34.44042,74.394,4.950486273222873,3.2273597665859803,20.387,7.83,2.54,89.6,105.5,120.6,128.8,672.6,664.0,0.778,0.747,0.814,0.776,0.799,0.766,2303.0,2395.0,2790.0,2861.0,2554.0,2642.0,1793.0,1789.0,2288.0,2225.0,2048.0,2020.0,23692.0,18806.0,2935.0,4861.0,1.348,3.185,4.178800000000001,16.243499999999997,1.388,1.77,103.4,102.0,298.0,241.0,322.0,279.0,308.0,302.0,298.0,289.0,231.2,235.8,200.0,225.2,168.2,208.4,169.6,197.2,41913,42630.0,44.87,70.854,1.0022,1.2394,1.7078,2.7762,1.5648,2.6552,1371579.4313042206,1003400.2642719591,1870768.9644985523,872808.953739309,2432560.283188422,1165418.3952026349,105.40500000000002,125.7
BXD75,6,6.0,8,8.0,27.198,27.25,35.264,43.002,35.0,46.6,32.876,46.39,35.2,40.6,35.264,43.002,7.6118,16.5952,21.552,38.468,26.5004,25.073,75.18,58.428,36.978,43.814,8.6312,17.9242,23.248,40.306,26.654,24.4252,72.128,56.358,33.554,38.896,5.34,13.36,15.626,33.682,25.847,24.0294,77.304,62.42,8.066,15.756,29.62063,57.91914,7.77,19.34,28.222223573602264,71.06796566231367,9.326021285024591,10.824200384884106,39.258,24.923,2.52,91.875,72.75,119.125,100.625,711.625,685.0,0.78882,0.7373,0.83306,0.75422,0.81496,0.74754,2334.0,2474.0,2831.0,2811.0,2639.0,2681.0,1847.0,1834.0,2360.0,2127.0,2162.0,2013.0,30954.0,23887.0,4822.0,3621.0,1.502,0.992,4.6562,5.0592,2.392,1.148,96.2,163.4,240.0,294.6,272.6,339.6,277.4,380.2,235.4,386.8,159.4,316.6,133.8,234.8,118.0,180.4,105.0,150.6,31779,49358.0,68.328,172.06,1.3596,2.4586,2.9756,7.3964,1.7996,5.6896,728498.1864615821,677124.9222310188,905663.5087144568,526909.0023068086,1626196.90502762,672413.0062733178,132.83440000000002,403.4974
BXD77,40,41.0,178,179.0,25.22,28.17,31.86,41.78,32.75,43.34,31.09,44.182,30.95,43.46,31.86,41.78,5.52,15.52,17.22,236.9,25.122,24.73,78.93,59.42,32.58,45.27,6.5,19.04,19.56,41.88,25.04,24.81,77.26,55.01,30.7,37.73,4.8,12.43,15.2,31.768,24.3,24.24,79.6,65.43,6.64,13.61,26.31,48.09,7.53,15.18,29.5,53.48,5.682055086050882,17.240384181075097,26.3,34.7,2.4,82.2,75.2,107.4,111.2,677.4,706.0,0.7826000000000001,0.7484,0.8516,0.7472000000000001,0.8218,0.747,2375.0,2337.601,2800.0,2653.504,2618.0,2522.194,1859.0,1752.576,2387.0,1987.649,2159.0,1889.794,32063.0,26881.0,7268.0,7781.0,0.0,0.0,0.0,0.0,2.08,0.92,99.0,180.0,312.6,376.0,335.2,473.0,311.8,493.0,265.2,475.0,179.8,375.0,145.8,285.0,129.6,229.0,126.0,205.0,36650,61893.0,25.919999999999998,101.26,0.132,2.55,1.292,3.634,0.738,3.68,12325594.825594828,1051231.2219588514,2915647.7242317656,1096480.1446312245,6122332.500336473,1508654.6605779584,12.712,468.076
BXD79,34,35.0,104,106.0,24.98,21.57,35.67,40.64,38.596,51.192,37.606,49.036,34.516,44.252,35.67,42.78,10.402,15.43,29.14,36.03,23.95,26.06,67.15,60.96,36.21,46.898,10.44,17.2818,28.76,36.79,24.48,28.1772,67.7,60.15,34.872,47.65,9.03,17.74,25.76,37.15,24.72,28.48,70.99,59.86,10.690000000000001,21.208,42.85118777958864,98.23474896520354,13.62,29.62,54.742598072986674,137.1497859187493,3.7254631465522428,-1.656922383500314,13.345049981747831,-2.63,1.92,65.65714285714286,62.7,95.07142857142857,100.6,753.9285714285714,724.9,0.0,0.0,0.0,0.0,0.0,0.0,2640.0,2834.0,3125.0,3309.0,2947.0,3116.0,1799.0,1924.0,2224.0,2289.0,2067.0,2141.0,27506.0,27025.0,7186.0,5972.0,2.524,2.146,7.824400000000001,10.9446,1.236,1.464,91.6,133.4,163.6,275.8,196.2,337.6,214.5,370.8,193.4,367.2,182.2,366.2,181.4,348.4,156.8,333.8,146.0,292.8,31235,59870.0,45.11,70.73,0.085,0.971,1.918,3.11,1.99,2.236,8328042.3280423265,1681755.228835233,963597.4386148689,994632.0695797947,1102256.611600654,1743599.2240158923,7.7700000000000005,130.272
BXD81,23,23.0,76,77.0,20.35,22.61,25.39,43.85,27.6,51.08,26.15,49.5,26.54,45.36,25.3875,43.855,4.604,18.26,17.15,41.62,19.698,24.14,78.48,55.055,27.91,49.85,6.28,22.68,21.5,45.5,20.52,25.89,74.58,51.99,25.26,45.04,3.43,19.51,13.04,43.29,20.9,24.14,83.23,53.62,5.039999999999999,21.240000000000002,24.61071728018073,94.55655256176577,7.25,28.09,34.8444905035913,123.01028287089389,8.451120160311245,9.614560956076502,45.62024322371269,14.004106618352164,1.64,76.1,91.3,101.93,115.6,648.287,621.0,0.0,0.0,0.0,0.0,0.0,0.0,2858.0,2422.0,3196.0,2665.0,3076.0,2574.0,1544.0,1322.0,1896.0,1477.0,1772.0,1418.0,18910.0,20082.0,5115.0,3164.0,2.607,2.045,8.081700000000001,10.429499999999999,1.665,0.985,87.75,158.5,295.0,433.3,228.0,493.5,191.0,534.0,168.8,508.8,127.5,430.0,117.8,375.8,104.0,303.3,100.8,250.0,27156,71567.0,22.48,118.9,0.2,2.723,0.9503,4.564,0.617,3.856,11900201.18980891,589875.8622467485,3177543.2658717884,933582.5134305763,4131894.1643864447,4720381.537347975,19.119333333333334,431.12274999999994
BXD83,12,12.0,24,24.0,22.8,23.45,25.32,33.71,29.0,36.8,28.48,36.94,27.24,35.56,26.036,34.538,3.171,11.112,12.076,31.963,22.06,22.49,84.81,65.319,28.27,37.32,4.45,12.25,15.61,32.65,23.01,24.05,81.53,64.6,28.22,35.38,3.98,10.62,13.99,29.54,23.35,23.85,82.85,67.8,2.526666666666666,10.260000000000002,11.010897241595522,43.57158673870106,6.23,13.35,27.281191421061305,56.80314108550953,0.1400026396714503,5.406677401806702,10.563400672789209,14.38074760497002,1.72,91.5,80.05,115.5,104.875,626.2,633.875,0.8198333,0.74145,0.8501,0.748875,0.838,0.7459,2974.0,2996.0,3277.0,3645.0,3160.0,3393.0,2443.0,2225.0,2785.0,2729.0,2652.0,2534.0,21276.0,23199.0,6054.0,3828.0,1.973,1.337,6.116300000000001,6.8187,0.347,1.08,106.0,186.0,229.0,340.0,201.0,373.0,175.0,343.0,165.0,318.0,148.0,257.0,142.0,231.0,128.0,211.0,117.0,191.3,27893,48199.0,35.75,205.675,0.1286667,3.82975,1.777667,8.70325,1.082333,6.1865,5470035.741002411,714186.110455087,1488123.0301243945,429191.5978239417,2900378.959140828,618398.6811677618,13.343333333333334,739.2850000000001
BXD84,26,19.0,85,63.0,22.17,24.14,28.92,45.28,36.02,53.09,35.61,53.59,34.64,0.0,35.124,45.28,8.56,17.16,24.3,37.78,25.64,26.86,73.1,59.45,35.31,53.187,8.125,22.686,22.75,42.36,25.996,28.891,73.84,54.6,30.2,45.25,2.97,15.24,9.93,30.39,25.97,28.61,85.97,66.38,10.874,21.134999999999998,44.831371387253114,87.50406619470205,10.89,32.94,43.29654966442096,137.3465507181471,15.777785797848201,16.175460912318226,61.19720974051374,37.70544787232229,1.94,83.4,71.6,108.1,99.61,667.9,706.53,0.754,0.752,0.844,0.785,0.807,0.773,2289.0,2271.0,2768.0,2693.0,2528.0,2502.0,1767.0,1711.0,2335.0,2128.0,2051.0,1939.0,35648.0,29524.0,10258.0,8836.0,1.732,4.357,5.3692,22.2207,1.37,2.01,81.6,127.5,221.2,357.7,262.2,443.0,244.2,500.0,237.6,560.0,207.4,498.0,199.6,472.3,189.5,416.3,160.4,334.33,37191,81533.0,23.558,61.58,0.4724,2.105,0.9452,1.9197,0.7782,2.267,1930988.3122366704,648564.6829723935,2547107.033004838,1959870.305209825,3698548.554914061,2334427.431833668,39.3196,282.067
BXD85,25,26.0,82,85.0,29.95,29.42,45.28,49.82,47.68,56.58,43.98,56.78,44.2,51.57,45.282,49.82,14.228,18.98,31.41,38.1,29.215,29.55,64.54,59.34,45.27,53.593,13.904,20.87,30.777,38.87,30.135,30.995,66.49,57.91,45.8,53.5,12.82,20.1,28.0,37.4,31.22,32.01,68.2,59.89,15.328,20.400000000000002,51.470613247649375,69.91996751962759,17.72,27.15,59.66539845059574,93.120115116172,-1.2685492815367005,0.1297379753783635,7.872732868563735,3.9824700696846933,3.88,69.28,72.7,101.025,104.7,700.538,700.9,0.753,0.78247,0.803,0.80261,0.783,0.7925,2045.0,2435.0,2444.0,2391.0,2251.0,2418.0,1539.0,1963.0,1978.0,1898.0,1766.0,1935.0,23688.0,21693.0,3953.0,2184.0,1.332,3.48,4.1292,17.747999999999998,1.776,3.27,97.2,134.75,363.4,466.5,429.0,404.5,431.4,460.0,405.6,512.0,325.6,440.0,262.4,423.5,236.2,392.0,203.4,329.3,55989,78105.0,52.886,68.87,1.2174,2.277,2.0616,2.504,1.711,1.898,854682.1218024206,590591.7946678475,1761036.2131165662,2489469.1162845083,2539025.6193899075,2963744.496380157,116.7816,316.427
BXD87,7,7.0,10,10.0,21.932,21.69,25.556,31.886,27.51,36.56,28.008,39.14,26.51,32.36,25.728,32.246,3.2676,9.1762,12.636,28.35,21.81,22.411,84.822,69.614,26.7475,35.905,3.57575,11.12175,13.26,30.8025,22.24475,23.4695,83.2825,65.6075,26.868,33.935,2.89,9.09,10.7,26.39,22.571,23.48,84.05,69.59,3.624,10.196,16.469826977403507,46.98957,5.58,14.87,25.385368338014132,68.4904255244457,-1.1708701073687469,3.7298587043859555,17.773165684622533,19.4,0.0,80.14,80.5,108.86,112.875,735.28,714.25,0.84525,0.780175,0.909975,0.780125,0.8841,0.78015,3399.0,3011.0,3899.0,3603.0,3705.0,3374.0,2894.0,2346.0,3549.0,2816.0,3296.0,2634.0,21526.0,26213.0,2324.0,5877.0,3.248,2.005,10.068800000000001,10.225499999999998,3.215,1.845,96.0,191.0,267.8,359.0,252.8,366.2,247.6,325.8,224.6,328.8,165.2,277.6,134.6,227.6,114.8,192.2,108.4,157.6,31360,47882.0,28.96,100.464,1.634,2.0186,0.834,3.8362,0.559,3.703,788768.4592478813,1057478.7015809494,3249844.595311679,967975.681573869,4894536.112427944,1080249.580318562,153.9764,386.3424
BXD89,16,18.0,35,59.0,27.0,25.825,32.23,40.78,35.96,45.35,33.92,45.535,33.97,39.07,34.31,38.96,8.54,13.766,24.67,33.76,24.36,25.9,71.23,63.53,34.47,40.84,7.474,12.7,21.69,31.1,25.73,27.0,74.66,66.0,32.78,38.55,4.38,10.18,13.37,26.54,27.1,26.86,82.66,70.48,5.33,14.953,20.475879808533303,57.9,9.19,19.52,34.430705635863426,75.50932058438107,4.862671786654699,5.69936651444071,15.72835488565567,15.73,2.08,78.875,90.52,116.0,123.0,708.375,687.0,0.759,0.745,0.8,0.754,0.784,0.751,2509.0,2646.0,3059.0,3145.0,2800.0,2910.0,1919.0,1978.0,2483.0,2378.0,2226.0,2196.0,36211.0,34416.0,12498.0,10398.0,2.112,2.127,6.5472,10.847699999999998,2.205,2.645,117.0,95.3,269.0,261.0,222.0,296.0,198.0,285.0,177.0,231.0,122.0,149.0,103.0,143.0,84.0,141.0,79.3,123.0,25617,33370.0,37.22,93.66,0.31,1.401,1.822,3.7155,1.008,3.6548,4961755.0782506615,1804290.760154569,1629122.1494702634,1764184.7690070588,2458217.4714963837,828856.3368477985,33.09975,118.39325000000001
BXD90,15,15.0,33,33.0,23.12,23.82,28.04,45.13,33.87,49.85,33.01,50.1,28.85,47.0,28.04,45.13,3.34,19.25,12.1,42.83,23.59,24.58,84.33,54.52,30.32,51.96,4.56,25.16,14.86,48.34,24.525,25.051,81.06,48.29,30.98,43.26,3.45,15.77,11.14,34.75,26.35,26.13,85.05,62.12,4.92,21.31,21.312436404300506,89.64,10.75,26.03,46.404950260732235,109.90039666511176,-2.3183124416162144,17.20999369016919,16.74758452302458,39.09,1.29,84.625,80.75,109.375,98.25,705.0,708.75,0.814,0.749,0.924,0.766,0.871,0.758,2982.0,2282.0,3815.0,2698.0,3413.0,2502.0,2518.0,1707.0,3489.0,2076.0,3048.0,1909.0,21515.0,15897.0,1202.0,1294.0,0.0,0.0,0.0,0.0,3.935,1.48,94.0,157.0,252.0,318.0,238.0,335.0,197.0,291.0,166.0,254.0,122.0,208.0,104.0,184.0,102.0,158.0,96.0,151.0,26027,39758.0,7.435,59.25,0.02,1.188,0.395,2.151,0.181,2.41,12000000.0,4914865.00631044,49447248.536011234,1507920.1470480843,7210001.675322499,1663634.8575146145,1.92,190.29899999999998
BXD95,18,38.0,59,119.0,23.8,26.69,33.91,45.856,33.7,53.59,34.49,53.43,32.78,45.844,33.34,45.856,7.04,17.68,20.62,38.361,25.3,26.869,76.2,58.797,33.31,51.46,6.11,21.27,18.17,41.07,25.97,28.84,78.16,56.32,31.6,45.97,3.49,15.76,10.65,32.79,26.94,28.895,85.63,64.33,10.354999999999999,19.166,43.89315995326415,72.27715188536828,10.13,26.9,43.33700022681026,100.94,5.274,10.94,41.37991759477755,26.61,0.95,94.739,90.85,123.019,120.8,680.959,666.3,0.808,0.64,0.887,0.654,0.856,0.649,2618.0,2674.0,2946.0,2986.0,2792.0,2862.0,2126.0,1710.0,2640.0,1955.0,2398.0,1858.0,21898.0,20296.0,5424.0,7837.0,3.442,1.466,10.670200000000001,7.4765999999999995,1.57,0.652,123.0,131.6,270.0,329.6,285.0,430.6,273.0,425.4,261.0,433.2,193.0,358.2,174.0,286.2,148.0,234.0,138.0,204.8,36717,57942.0,24.73,98.02,0.3485,1.15,1.14125,3.886,0.665,4.144,11384631.643852096,1034915.7715584538,2886857.7363922396,944156.2288890937,5621889.349750503,1148735.2018822406,64.24875,161.608
BXD98,31,31.0,96,95.0,25.37,28.04,32.53,45.55,37.14,54.88,36.32,52.64,31.752,46.074,32.53,46.55,7.97,18.49,24.3,39.7,23.3,26.9,71.8,57.8,36.01499999999999,51.884,9.9845,21.117600000000003,27.46,40.63,24.79275,29.496999999999996,69.1,56.95,32.08,50.49,6.31,19.74,19.34,39.02,24.48,29.4,76.62,58.3,7.168000000000001,17.508,28.21124358445642,62.3950849967335,11.94,26.84,47.15446407972592,95.70887865228954,10.92,2.6611111240693153,37.89805299894124,6.461440476683774,2.1,74.6,76.8,104.6,103.6,661.2,621.0,0.748,0.726,0.801,0.751,0.777,0.74,2473.0,2173.0,3103.0,2621.0,2817.0,2417.0,1855.0,1580.0,2494.0,1975.0,2204.0,1796.0,38538.0,30775.0,12907.0,11069.0,1.756,1.772,5.4436,9.0372,1.032,1.184,107.2,158.0,324.0,439.0,381.0,536.0,363.0,591.0,332.0,597.0,258.0,585.0,208.0,543.0,176.0,489.0,155.0,407.0,45876,92703.0,12.559,56.82,0.012,1.39,0.601,1.815,0.462,2.02,18333333.333333336,1167408.9585951797,7013651.83516113,2801348.1031269697,10780305.256151913,3607697.688544475,1.3199999999999998,218.67800000000003
BXD99,24,24.0,80,80.0,24.95,24.95,35.5,43.82,32.58,50.95,31.43,51.67,38.018,48.168,35.498,43.816,9.66,16.7,27.1,38.1,24.75,25.94,69.87,59.24,38.164,52.156,12.047,22.637,31.548,43.23,24.73,28.1304,64.82,54.08,30.4,42.11,4.03,14.28,13.23,33.1,25.1796,26.454,82.858,63.67,10.548000000000002,18.862000000000002,42.46463097264024,75.68455720248417,7.63,25.996,30.644128469016977,104.26404416252913,20.31,19.584334401235857,66.23330143961641,38.41862104473063,2.43,85.475,98.49,105.01,117.655,676.58,643.89,0.789,0.757,0.831,0.768,0.814,0.764,2673.0,2544.0,3012.0,2771.0,2852.0,2664.0,2132.0,1932.0,2513.0,2136.0,2334.0,2040.0,36348.0,33656.0,26191.0,25521.0,0.0,0.0,0.0,0.0,1.356,1.148,84.8,111.6,214.0,319.0,260.0,419.0,267.0,482.0,243.0,502.0,174.0,396.0,148.0,331.0,127.0,286.0,118.0,230.0,32448,63851.0,33.562,63.872,0.168,0.8936,1.4468,2.6132,1.413,2.3962,41876738.094508566,1282258.2461389387,1547996.700299985,1226854.9416353453,2036278.7348245415,1814588.1833834716,13.8506,100.88340000000001
BXD100,10,10.0,16,16.0,27.31,28.558,36.17,45.32,41.5,54.1,40.976,56.956,36.6,50.7,36.17667,45.32,8.77,15.2578,21.83667,33.368,26.061,28.7404,74.31667,63.712,39.1133,54.396,9.058,21.5514,20.865,40.01,28.468,30.913,75.09,56.44,37.973,49.05,7.62,16.5,18.82,32.91,28.14,30.186,75.35,62.412,8.870000000000001,16.762,30.945328751165476,58.65322534074331,14.15,25.53,51.12389182812607,89.21555285036882,1.12,10.260766848830475,-3.8645861580306993,23.781345617200202,2.82,68.67,59.7625,104.3,99.385,792.8,756.5,0.822,0.763,0.883,0.776,0.858,0.771,2545.0,2709.0,2997.0,3156.0,2854.0,2983.0,2253.0,2074.0,2710.0,2468.0,2533.0,2316.0,26982.0,25550.0,8720.0,9313.0,3.667,1.928,11.3677,9.832799999999999,1.793,2.512,121.0,163.0,362.0,352.4,439.0,378.4,404.0,381.4,355.33,348.6,243.33,292.6,196.66,233.4,157.66,176.6,144.333,155.4,47073,49158.0,43.096,129.266,1.278333,2.561,1.679333,5.2104,1.108667,4.2542,1365371.266340942,862587.6645916656,7863431.831695631,792508.368365248,5864939.180745918,1047440.8293268855,148.40366666666668,443.0125999999999
BXD101,29,37.0,89,115.0,22.44,27.24,28.57,43.82,32.24,49.905,31.305,51.87,30.21,45.14,28.57,43.67,5.058,16.48,17.57,37.7,22.69,25.73,79.562,58.98,33.4,51.24,7.55,21.58,22.2,42.09,24.5,28.05,73.8,54.77,30.05,46.78,5.19,18.06,17.0,38.2,23.7,27.23,79.15,58.6,6.132500000000001,16.58,27.42913121714085,61.131640754999026,9.81,22.67,43.47665676743015,83.52251969718019,9.630268219256422,8.83339765570924,28.173528700877807,16.83,0.94,80.9,82.99,103.2,105.886,702.2,691.4,0.0,0.0,0.0,0.0,0.0,0.0,2722.0,2498.0,3333.0,2942.0,3102.0,2784.0,1571.0,1643.0,2100.0,1927.0,1898.0,1826.0,39328.0,45060.0,21202.0,18179.0,1.792,1.35,5.5552,6.885,1.53,1.335,68.0,94.0,310.0,213.0,302.8,260.0,264.0,300.0,228.0,253.0,195.8,196.0,167.0,171.0,133.3,151.0,116.5,151.0,35419,35706.0,20.633,99.52,0.337,0.9775,0.895,4.375,0.622,3.535,2663374.9605845045,964909.7054656915,3710606.4870489305,507024.3256409942,5085736.177122721,746109.230493285,22.79,94.025
